[
   {
      "name_th": "กรุงเทพมหานคร",
      "name_en": "Bangkok"
   },
   {
      "name_th": "สมุทรปราการ",
      "name_en": "Samut Prakan"
   },
   {
      "name_th": "นนทบุรี",
      "name_en": "Nonthaburi"
   },
   {
      "name_th": "ปทุมธานี",
      "name_en": "Pathum Thani"
   },
   {
      "name_th": "พระนครศรีอยุธยา",
      "name_en": "Phra Nakhon Si Ayutthaya"
   },
   {
      "name_th": "อ่างทอง",
      "name_en": "Ang Thong"
   },
   {
      "name_th": "ลพบุรี",
      "name_en": "Loburi"
   },
   {
      "name_th": "สิงห์บุรี",
      "name_en": "Sing Buri"
   },
   {
      "name_th": "ชัยนาท",
      "name_en": "Chai Nat"
   },
   {
      "name_th": "สระบุรี",
      "name_en": "Saraburi"
   },
   {
      "name_th": "ชลบุรี",
      "name_en": "Chon Buri"
   },
   {
      "name_th": "ระยอง",
      "name_en": "Rayong"
   },
   {
      "name_th": "จันทบุรี",
      "name_en": "Chanthaburi"
   },
   {
      "name_th": "ตราด",
      "name_en": "Trat"
   },
   {
      "name_th": "ฉะเชิงเทรา",
      "name_en": "Chachoengsao"
   },
   {
      "name_th": "ปราจีนบุรี",
      "name_en": "Prachin Buri"
   },
   {
      "name_th": "นครนายก",
      "name_en": "Nakhon Nayok"
   },
   {
      "name_th": "สระแก้ว",
      "name_en": "Sa Kaeo"
   },
   {
      "name_th": "นครราชสีมา",
      "name_en": "Nakhon Ratchasima"
   },
   {
      "name_th": "บุรีรัมย์",
      "name_en": "Buri Ram"
   },
   {
      "name_th": "สุรินทร์",
      "name_en": "Surin"
   },
   {
      "name_th": "ศรีสะเกษ",
      "name_en": "Si Sa Ket"
   },
   {
      "name_th": "อุบลราชธานี",
      "name_en": "Ubon Ratchathani"
   },
   {
      "name_th": "ยโสธร",
      "name_en": "Yasothon"
   },
   {
      "name_th": "ชัยภูมิ",
      "name_en": "Chaiyaphum"
   },
   {
      "name_th": "อำนาจเจริญ",
      "name_en": "Amnat Charoen"
   },
   {
      "name_th": "หนองบัวลำภู",
      "name_en": "Nong Bua Lam Phu"
   },
   {
      "name_th": "ขอนแก่น",
      "name_en": "Khon Kaen"
   },
   {
      "name_th": "อุดรธานี",
      "name_en": "Udon Thani"
   },
   {
      "name_th": "เลย",
      "name_en": "Loei"
   },
   {
      "name_th": "หนองคาย",
      "name_en": "Nong Khai"
   },
   {
      "name_th": "มหาสารคาม",
      "name_en": "Maha Sarakham"
   },
   {
      "name_th": "ร้อยเอ็ด",
      "name_en": "Roi Et"
   },
   {
      "name_th": "กาฬสินธุ์",
      "name_en": "Kalasin"
   },
   {
      "name_th": "สกลนคร",
      "name_en": "Sakon Nakhon"
   },
   {
      "name_th": "นครพนม",
      "name_en": "Nakhon Phanom"
   },
   {
      "name_th": "มุกดาหาร",
      "name_en": "Mukdahan"
   },
   {
      "name_th": "เชียงใหม่",
      "name_en": "Chiang Mai"
   },
   {
      "name_th": "ลำพูน",
      "name_en": "Lamphun"
   },
   {
      "name_th": "ลำปาง",
      "name_en": "Lampang"
   },
   {
      "name_th": "อุตรดิตถ์",
      "name_en": "Uttaradit"
   },
   {
      "name_th": "แพร่",
      "name_en": "Phrae"
   },
   {
      "name_th": "น่าน",
      "name_en": "Nan"
   },
   {
      "name_th": "พะเยา",
      "name_en": "Phayao"
   },
   {
      "name_th": "เชียงราย",
      "name_en": "Chiang Rai"
   },
   {
      "name_th": "แม่ฮ่องสอน",
      "name_en": "Mae Hong Son"
   },
   {
      "name_th": "นครสวรรค์",
      "name_en": "Nakhon Sawan"
   },
   {
      "name_th": "อุทัยธานี",
      "name_en": "Uthai Thani"
   },
   {
      "name_th": "กำแพงเพชร",
      "name_en": "Kamphaeng Phet"
   },
   {
      "name_th": "ตาก",
      "name_en": "Tak"
   },
   {
      "name_th": "สุโขทัย",
      "name_en": "Sukhothai"
   },
   {
      "name_th": "พิษณุโลก",
      "name_en": "Phitsanulok"
   },
   {
      "name_th": "พิจิตร",
      "name_en": "Phichit"
   },
   {
      "name_th": "เพชรบูรณ์",
      "name_en": "Phetchabun"
   },
   {
      "name_th": "ราชบุรี",
      "name_en": "Ratchaburi"
   },
   {
      "name_th": "กาญจนบุรี",
      "name_en": "Kanchanaburi"
   },
   {
      "name_th": "สุพรรณบุรี",
      "name_en": "Suphan Buri"
   },
   {
      "name_th": "นครปฐม",
      "name_en": "Nakhon Pathom"
   },
   {
      "name_th": "สมุทรสาคร",
      "name_en": "Samut Sakhon"
   },
   {
      "name_th": "สมุทรสงคราม",
      "name_en": "Samut Songkhram"
   },
   {
      "name_th": "เพชรบุรี",
      "name_en": "Phetchaburi"
   },
   {
      "name_th": "ประจวบคีรีขันธ์",
      "name_en": "Prachuap Khiri Khan"
   },
   {
      "name_th": "นครศรีธรรมราช",
      "name_en": "Nakhon Si Thammarat"
   },
   {
      "name_th": "กระบี่",
      "name_en": "Krabi"
   },
   {
      "name_th": "พังงา",
      "name_en": "Phangnga"
   },
   {
      "name_th": "ภูเก็ต",
      "name_en": "Phuket"
   },
   {
      "name_th": "สุราษฎร์ธานี",
      "name_en": "Surat Thani"
   },
   {
      "name_th": "ระนอง",
      "name_en": "Ranong"
   },
   {
      "name_th": "ชุมพร",
      "name_en": "Chumphon"
   },
   {
      "name_th": "สงขลา",
      "name_en": "Songkhla"
   },
   {
      "name_th": "สตูล",
      "name_en": "Satun"
   },
   {
      "name_th": "ตรัง",
      "name_en": "Trang"
   },
   {
      "name_th": "พัทลุง",
      "name_en": "Phatthalung"
   },
   {
      "name_th": "ปัตตานี",
      "name_en": "Pattani"
   },
   {
      "name_th": "ยะลา",
      "name_en": "Yala"
   },
   {
      "name_th": "นราธิวาส",
      "name_en": "Narathiwat"
   },
   {
      "name_th": "บึงกาฬ",
      "name_en": "buogkan"
   }
]
